"id","code","name","codename","division_type","created_at","updated_at"
"c898a2a2-1fb3-536d-b9e4-f2b312ad64bd","1","Thành phố Hà Nội","ha_noi","thành phố trung ương","1791616658326","1791616658326"
"dc50adaa-f43b-5b33-a01a-fd9c1c991c99","4","Tỉnh Cao Bằng","cao_bang","tỉnh","1791616658326","1791616658326"
"85dbca8d-88a5-542d-8f7e-53fe4fb0dc69","8","Tỉnh Tuyên Quang","tuyen_quang","tỉnh","1791616658326","1791616658326"
"02d56ed0-5c5c-55ba-b6cf-6da21eea32c4","11","Tỉnh Điện Biên","dien_bien","tỉnh","1791616658326","1791616658326"
"411f8b06-89f4-57b8-ba72-370ca5d462c3","12","Tỉnh Lai Châu","lai_chau","tỉnh","1791616658326","1791616658326"
"e72f845d-81f3-5762-a56c-c48a397e35ea","14","Tỉnh Sơn La","son_la","tỉnh","1791616658326","1791616658326"
"5fdcda05-90ad-518d-8f51-33064d3560db","15","Tỉnh Lào Cai","lao_cai","tỉnh","1791616658326","1791616658326"
"821434d1-9a76-525d-831e-16f508d0a41d","19","Tỉnh Thái Nguyên","thai_nguyen","tỉnh","1791616658326","1791616658326"
"916ce67d-9399-588a-9ae6-b6edf290cb36","20","Tỉnh Lạng Sơn","lang_son","tỉnh","1791616658326","1791616658326"
"ce198f30-5597-5ee3-825c-aaa09703e845","22","Thành phố Quảng Ninh","quang_ninh","thành phố trung ương","1791616658326","1791616658326"
"6edb6f90-4b6e-589c-982c-b9936c9ccbb4","24","Thành phố Bắc Ninh","bac_ninh","thành phố trung ương","1791616658326","1791616658326"
"2efd9cf4-551d-5f4d-8f81-0b2022762c90","25","Tỉnh Phú Thọ","phu_tho","tỉnh","1791616658326","1791616658326"
"06810982-a1cd-5bcd-8829-c584cbcfcdf4","31","Thành phố Hải Phòng","hai_phong","thành phố trung ương","1791616658326","1791616658326"
"6271a751-09a5-51f8-87cb-99ff89aa0c96","33","Tỉnh Hưng Yên","hung_yen","tỉnh","1791616658326","1791616658326"
"6ebfc978-b0f9-53ea-b796-0369a519a505","37","Tỉnh Ninh Bình","ninh_binh","tỉnh","1791616658326","1791616658326"
"b005be22-e0e8-5c56-987e-cb6de96bdeb7","38","Tỉnh Thanh Hóa","thanh_hoa","tỉnh","1791616658326","1791616658326"
"f0781b33-074c-5f21-bb86-77f070663590","40","Tỉnh Nghệ An","nghe_an","tỉnh","1791616658326","1791616658326"
"7c0d63fc-432b-5d99-ace8-3803d7692113","42","Tỉnh Hà Tĩnh","ha_tinh","tỉnh","1791616658326","1791616658326"
"b9b6d8c4-80cc-53ce-a68f-d3f093e515c2","44","Tỉnh Quảng Trị","quang_tri","tỉnh","1791616658326","1791616658326"
"b3d09e6d-b56d-556d-95e1-8157376d9258","46","Thành phố Huế","hue","thành phố trung ương","1791616658326","1791616658326"
"bf9c5159-8e51-5318-b472-cc55d29f2f41","48","Thành phố Đà Nẵng","da_nang","thành phố trung ương","1791616658326","1791616658326"
"eb8a6053-68f9-5a83-b993-4296fbfa3c97","51","Tỉnh Quảng Ngãi","quang_ngai","tỉnh","1791616658326","1791616658326"
"4f0bcce3-b36d-58b2-b33f-261b3f6ac0f0","52","Tỉnh Gia Lai","gia_lai","tỉnh","1791616658326","1791616658326"
"eff792a0-f314-52a2-bf89-a680a2a58b02","56","Tỉnh Khánh Hòa","khanh_hoa","tỉnh","1791616658326","1791616658326"
"19f79b29-0557-5bd9-ac5e-682fa3d500d9","66","Tỉnh Đắk Lắk","dak_lak","tỉnh","1791616658326","1791616658326"
"3278a1ea-2cb1-5ab0-a9c5-be813b356fb4","68","Tỉnh Lâm Đồng","lam_dong","tỉnh","1791616658326","1791616658326"
"70b6338e-b4ad-57a9-88e7-bcf5d19d4635","75","Thành phố Đồng Nai","dong_nai","thành phố trung ương","1791616658326","1791616658326"
"7e6b0462-e4a0-5322-8d10-c41243ea2009","79","Thành phố Hồ Chí Minh","ho_chi_minh","thành phố trung ương","1791616658326","1791616658326"
"611a8f28-f52c-5223-9db6-45d87ae328e8","80","Tỉnh Tây Ninh","tay_ninh","tỉnh","1791616658326","1791616658326"
"5b8e4edb-0963-5e36-8d78-ac91f9a93c7c","82","Tỉnh Đồng Tháp","dong_thap","tỉnh","1791616658326","1791616658326"
"a7ee5773-bc8a-5a2e-a417-035dc13011c5","86","Tỉnh Vĩnh Long","vinh_long","tỉnh","1791616658326","1791616658326"
"4e6d44f5-98f2-5406-a7af-6a6952df9d01","91","Tỉnh An Giang","an_giang","tỉnh","1791616658326","1791616658326"
"f3b1191b-51cb-5e4d-9168-3f47d78799f7","92","Thành phố Cần Thơ","can_tho","thành phố trung ương","1791616658326","1791616658326"
"277901a6-9343-5482-a7ef-0c93e1646028","96","Tỉnh Cà Mau","ca_mau","tỉnh","1791616658326","1791616658326"
